{"x_init": [[-13.243415693346378], [6.2487765903352965], [-6.549847924460664], [-4.666343765596935], [-1.1909141350845402], [-5.30735439907653], [-13.039969523764512], [13.830225224184233], [-2.743864799676544], [8.625731348732643], [13.014236125794469], [3.2010000892368], [-2.9643779264733894], [12.171247624309785], [12.158241852402767], [-3.5371991774042044], [-8.70024590173307], [-1.0020599613301329], [-6.182749643871944], [-11.581384686991441]], "y_init": [[-2.4564736029258256], [-7.503564353914953], [-10.929571214352109], [-12.486550458057991], [-0.13039015222011585], [0.4233735406394885], [-0.5514208172457984], [2.6623886638690237], [13.547141694140464], [6.6467526645624275], [10.62858907661331], [-5.386671236861048], [13.560580726876196], [-0.00031444245701095497], [-9.828432482259814], [13.436144730908609], [-10.00438175350439], [2.1997769393258295], [-19.46899942486266], [-1.2494576989918187]], "vx_init": [[-5.668289946417531], [1.730376057862486], [-0.5801816019470607], [-2.0771097118500848], [0.07657921999793871], [-1.4263978710425818], [-2.026945835343952], [1.3067538135777568], [-0.10102465132774796], [2.318617756321828], [5.391672653109936], [5.689737609952772], [-0.2621527005436519], [2.8808071499571497], [3.937691130879415], [-1.4849759346714109], [-0.8987915504189914], [0.31289451538896174], [-1.2175019872171333], [0.7768749964537847]], "vy_init": [[-1.4403451174882775], [-2.3191936810599145], [-3.9542375293854093], [-4.946355127059405], [1.3715685636816488], [0.6182725370723574], [0.6347941640103727], [2.6237181803878684], [3.8077944244150785], [3.1539259324011937], [4.151209330988763], [-2.0065084191321603], [2.728841943212501], [1.259180443707919], [-2.342893804769801], [1.1218329350867862], [-2.6261858643562164], [1.0289955151461072], [-2.9297174173404983], [-0.7436913163888903]], "psi_init": [[3.390431811549459], [-0.9297887885771553], [4.566704460737095], [4.314822761933691], [1.5150209207704592], [2.7325863819892815], [2.838090529763454], [1.1087065830223777], [1.5973211194968653], [0.936865282031837], [0.6561346323686794], [-0.3390371771477], [1.6665698008296403], [0.4120687203417062], [-0.5367288383243198], [2.4946092875591868], [4.382642015029633], [1.2756028003507307], [4.3185328601429465], [-0.7635783891861464]], "psidot_init": [[3.390431811549459], [-0.9297887885771553], [4.566704460737095], [4.314822761933691], [1.5150209207704592], [2.7325863819892815], [2.838090529763454], [1.1087065830223777], [1.5973211194968653], [0.936865282031837], [0.6561346323686794], [-0.3390371771477], [1.6665698008296403], [0.4120687203417062], [-0.5367288383243198], [2.4946092875591868], [4.382642015029633], [1.2756028003507307], [4.3185328601429465], [-0.7635783891861464]], "x_fin": [[-26.812449988887465], [10.819282273301269], [-7.470133088412354], [-20.188420158375266], [-3.484504281585032], [-17.472495313586705], [-22.4656344995538], [18.731480573579802], [0.0938120305704615], [14.443497473274647], [25.00427772500302], [28.329861835581596], [-7.444162560420182], [29.083434164602295], [24.95365533451755], [-20.507540892534962], [-5.508999293274428], [30.655934722833308], [-22.1234082270513], [-22.76508218399988]], "y_fin": [[-13.505428462593727], [-23.693955091946236], [-19.01423390224818], [-20.86000004463085], [8.811251534993914], [-0.1859744535568666], [13.579212067171056], [22.696507836452838], [35.98716342040984], [20.89287891724149], [29.002058240664212], [-9.09391979101747], [32.3704710933489], [17.307941676692508], [-27.690452759709842], [22.783780073259777], [-26.36434777971499], [12.98487315383636], [-27.223504308266456], [11.269604560451285]], "psi_fin": [[4.2756748893641205], [-1.4709119895844487], [1.7920834259446816], [3.160497024463398], [2.13068022689759], [3.6349547427377], [1.773450655074547], [1.4507115944696531], [1.3175582857884458], [2.1888500381099307], [1.512695703880686], [-0.11419324714015297], [2.0471252447442065], [1.340008093121851], [3.855835383417212], [3.3210171216816895], [-1.0639096336731224], [0.08286705701593428], [3.2009420175086336], [1.877739297425083]], "psidot_fin": [[0.02148075964961027], [-30.66167278687889], [-14.555516327281277], [0.11892663307613516], [0.6069834254415496], [0.42810503505304354], [-0.34883683507642926], [-0.3034157811991689], [1.4349734562099192], [2.0483173869148095], [-0.6218977289258076], [5.779843499718773], [0.004182465266118207], [0.052000910821088375], [-3.816216732517208], [1.8230053292316017], [-0.445814205825919], [0.762237341889872], [0.2796928878096927], [-0.448944373379665]]}