{"x_init": [[0.0], [0.0], [0.0], [0.0], [0.0], [0.0], [0.0], [0.0], [0.0], [0.0], [0.0], [0.0], [0.0], [0.0], [0.0], [0.0], [0.0], [0.0], [0.0], [0.0]], "y_init": [[0.0], [0.0], [0.0], [0.0], [0.0], [0.0], [0.0], [0.0], [0.0], [0.0], [0.0], [0.0], [0.0], [0.0], [0.0], [0.0], [0.0], [0.0], [0.0], [0.0]], "vx_init": [[8.969329849496024], [8.78853815528025], [5.874938604020823], [9.7597711625669], [3.828287858958096], [4.905680131399146], [7.639577916693057], [10.479320850956917], [11.45974851268086], [7.514503531094849], [13.627478805877686], [14.719379541581556], [10.217889831808833], [11.801562187164745], [11.154719014413779], [7.788182966681241], [7.315401082139861], [6.682688034174911], [9.70760855371676], [7.319453143715116]], "vy_init": [[4.440892098500626e-15], [0.0], [0.0], [0.0], [0.0], [1.1102230246251565e-15], [0.0], [0.0], [4.440892098500626e-15], [-8.881784197001252e-15], [0.0], [0.0], [0.0], [8.881784197001252e-15], [8.881784197001252e-15], [0.0], [0.0], [4.440892098500626e-15], [8.881784197001252e-15], [0.0]], "psi_init": [[4.951197216534694e-16], [0.0], [0.0], [0.0], [0.0], [2.2631378216429096e-16], [0.0], [0.0], [3.875209035858446e-16], [-1.1819522288130714e-15], [0.0], [0.0], [0.0], [7.525939410513795e-16], [7.962355829424739e-16], [0.0], [0.0], [6.645367965390784e-16], [9.149301960265668e-16], [0.0]], "psidot_init": [[4.951197216534694e-16], [0.0], [0.0], [0.0], [0.0], [2.2631378216429096e-16], [0.0], [0.0], [3.875209035858446e-16], [-1.1819522288130714e-15], [0.0], [0.0], [0.0], [7.525939410513795e-16], [7.962355829424739e-16], [0.0], [0.0], [6.645367965390784e-16], [9.149301960265668e-16], [0.0]], "x_fin": [[15.71212060153093], [15.637340728419616], [7.686749729747573], [15.492063573682959], [8.637765077992475], [11.097981297619974], [15.343651355057583], [19.457470304751105], [21.550408332024375], [13.139317409582798], [20.658314128101736], [23.716295174208966], [17.896241275414205], [21.650802749367543], [20.245409029926524], [17.631366863477737], [14.99504752849739], [25.044255567857654], [15.245149066151715], [14.666242829878593]], "y_fin": [[5.6804691411700965], [-3.8342397152478718], [0.1543367812275358], [-6.881546191230438], [2.037988855661112], [3.768328395773879], [-5.709151266039967], [4.18429804887243], [-3.18477482445919], [6.326557875998946], [5.138447254770014], [1.9871460985041365], [2.0584382392410294], [7.521995396848449], [-5.565161851391349], [5.596100267833641], [5.332925576451803], [-20.70688452024864], [-7.257581586313473], [-5.678704323203524]], "psi_fin": [[0.8256169422650144], [-0.4545284433577344], [0.033123591498381406], [-0.8594079722455423], [0.46883007975001967], [0.6700349276947856], [-0.7056325675869798], [0.3983581909253897], [-0.4337341498332833], [1.0360918116505298], [0.7498219667407771], [-0.0707877104858965], [0.328120208217003], [0.7861745126502017], [-0.9218785135240672], [0.6942169556311492], [0.6343412991029457], [-0.9703265661894469], [-0.8375309058843016], [-0.7963991191754215]], "psidot_fin": [[-2.609024107869118e-13], [-5.384581669432009e-14], [-2.5465740627339528e-14], [1.0103029524088925e-13], [6.161737786669619e-14], [-3.774758283725532e-14], [4.773959005888173e-14], [-1.199040866595169e-13], [0.0], [-1.4654943925052066e-13], [1.7985612998927536e-13], [1.7388868123191514e-13], [-3.108624468950438e-14], [-1.354472090042691e-13], [-1.0436096431476471e-13], [-1.6209256159527285e-13], [-9.658940314238862e-14], [-2.3314683517128287e-14], [5.3290705182007514e-14], [-5.218048215738236e-14]]}